<?xml version="1.0" encoding="UTF-8"?>
<metadata xml:lang="nl"><Esri><CreaDate>20220404</CreaDate><CreaTime>22102300</CreaTime><ArcGISFormat>1.0</ArcGISFormat><SyncOnce>FALSE</SyncOnce><DataProperties><itemProps><itemName Sync="TRUE">Essential Fish Habitat - Ares Protected from Fisihing</itemName><imsContentType Sync="TRUE">002</imsContentType><itemSize Sync="TRUE">0.000</itemSize><itemLocation><linkage Sync="TRUE">file://\\DESKTOP-AM6H2S3\D$\Bureaublad Lennart\atlasvandevisserij\graphdata\International prohibited areas\Essential Fish Habitat - Ares Protected from Fisihing.shp</linkage><protocol Sync="TRUE">Local Area Network</protocol></itemLocation></itemProps><coordRef><type Sync="TRUE">Projected</type><geogcsn Sync="TRUE">GCS_WGS_1984</geogcsn><csUnits Sync="TRUE">Linear Unit: Meter (1.000000)</csUnits><projcsn Sync="TRUE">WGS_1984_Web_Mercator_Auxiliary_Sphere</projcsn><peXml Sync="TRUE">&lt;ProjectedCoordinateSystem xsi:type='typens:ProjectedCoordinateSystem' xmlns:xsi='http://www.w3.org/2001/XMLSchema-instance' xmlns:xs='http://www.w3.org/2001/XMLSchema' xmlns:typens='http://www.esri.com/schemas/ArcGIS/2.7.0'&gt;&lt;WKT&gt;PROJCS[&amp;quot;WGS_1984_Web_Mercator_Auxiliary_Sphere&amp;quot;,GEOGCS[&amp;quot;GCS_WGS_1984&amp;quot;,DATUM[&amp;quot;D_WGS_1984&amp;quot;,SPHEROID[&amp;quot;WGS_1984&amp;quot;,6378137.0,298.257223563]],PRIMEM[&amp;quot;Greenwich&amp;quot;,0.0],UNIT[&amp;quot;Degree&amp;quot;,0.0174532925199433]],PROJECTION[&amp;quot;Mercator_Auxiliary_Sphere&amp;quot;],PARAMETER[&amp;quot;False_Easting&amp;quot;,0.0],PARAMETER[&amp;quot;False_Northing&amp;quot;,0.0],PARAMETER[&amp;quot;Central_Meridian&amp;quot;,0.0],PARAMETER[&amp;quot;Standard_Parallel_1&amp;quot;,0.0],PARAMETER[&amp;quot;Auxiliary_Sphere_Type&amp;quot;,0.0],UNIT[&amp;quot;Meter&amp;quot;,1.0],AUTHORITY[&amp;quot;EPSG&amp;quot;,3857]]&lt;/WKT&gt;&lt;XOrigin&gt;-20037700&lt;/XOrigin&gt;&lt;YOrigin&gt;-30241100&lt;/YOrigin&gt;&lt;XYScale&gt;148923141.92838538&lt;/XYScale&gt;&lt;ZOrigin&gt;-100000&lt;/ZOrigin&gt;&lt;ZScale&gt;10000&lt;/ZScale&gt;&lt;MOrigin&gt;-100000&lt;/MOrigin&gt;&lt;MScale&gt;10000&lt;/MScale&gt;&lt;XYTolerance&gt;0.001&lt;/XYTolerance&gt;&lt;ZTolerance&gt;0.001&lt;/ZTolerance&gt;&lt;MTolerance&gt;0.001&lt;/MTolerance&gt;&lt;HighPrecision&gt;true&lt;/HighPrecision&gt;&lt;WKID&gt;102100&lt;/WKID&gt;&lt;LatestWKID&gt;3857&lt;/LatestWKID&gt;&lt;/ProjectedCoordinateSystem&gt;</peXml></coordRef><lineage><Process ToolSource="d:\arcgis pro installatie\Resources\ArcToolbox\toolboxes\Conversion Tools.tbx\FeatureClassToFeatureClass" Date="20220404" Time="221028">FeatureClassToFeatureClass nationwide_efha "D:\Bureaublad Lennart\atlasvandevisserij\graphdata\International prohibited areas" "Essential Fish Habitat - Ares Protected from Fisihing.shp" # "OBJECTID "OBJECTID" true true false 0 Long 0 0,First,#,nationwide_efha,OBJECTID,-1,-1;SITENAME_L "SITENAME_L" true true false 100 Text 0 0,First,#,nationwide_efha,SITENAME_L,0,100;LIFESTAGE "LIFESTAGE" true true false 35 Text 0 0,First,#,nationwide_efha,LIFESTAGE,0,35;TYPE "TYPE" true true false 4 Text 0 0,First,#,nationwide_efha,TYPE,0,4;FMC "FMC" true true false 6 Text 0 0,First,#,nationwide_efha,FMC,0,6;LTTD_TITLE "LTTD_TITLE" true true false 50 Text 0 0,First,#,nationwide_efha,LTTD_TITLE,0,50;LTTD_LINK_ "LTTD_LINK_" true true false 150 Text 0 0,First,#,nationwide_efha,LTTD_LINK_,0,150;ZONE "ZONE" true true false 6 Text 0 0,First,#,nationwide_efha,ZONE,0,6;INSTATEWAT "INSTATEWAT" true true false 1 Text 0 0,First,#,nationwide_efha,INSTATEWAT,0,1;ACRES "ACRES" true true false 0 Long 0 0,First,#,nationwide_efha,ACRES,-1,-1;DDBOX "DDBOX" true true false 150 Text 0 0,First,#,nationwide_efha,DDBOX,0,150;LTTD_TIT_1 "LTTD_TIT_1" true true false 80 Text 0 0,First,#,nationwide_efha,LTTD_TIT_1,0,80;FMC_REPORT "FMC_REPORT" true true false 50 Text 0 0,First,#,nationwide_efha,FMC_REPORT,0,50;FMP_REPORT "FMP_REPORT" true true false 50 Text 0 0,First,#,nationwide_efha,FMP_REPORT,0,50;DATACAVEAT "DATACAVEAT" true true false 254 Text 0 0,First,#,nationwide_efha,DATACAVEAT,0,254;ZoomLevel "ZoomLevel" true true false 0 Long 0 0,First,#,nationwide_efha,ZoomLevel,-1,-1;CentroidLa "CentroidLa" true true false 0 Double 0 0,First,#,nationwide_efha,CentroidLa,-1,-1;CentroidLo "CentroidLo" true true false 0 Double 0 0,First,#,nationwide_efha,CentroidLo,-1,-1;LTTDT_LINK "LTTDT_LINK" true true false 250 Text 0 0,First,#,nationwide_efha,LTTDT_LINK,0,250;Region "Region" true true false 5 Text 0 0,First,#,nationwide_efha,Region,0,5;Shape_Leng "Shape_Leng" true true false 0 Double 0 0,First,#,nationwide_efha,Shape_Leng,-1,-1;Shape_Area "Shape_Area" true true false 0 Double 0 0,First,#,nationwide_efha,Shape_Area,-1,-1;Shape__Area "Shape__Area" false true true 0 Double 0 0,First,#,nationwide_efha,Shape__Area,-1,-1;Shape__Length "Shape__Length" false true true 0 Double 0 0,First,#,nationwide_efha,Shape__Length,-1,-1" #</Process></lineage><LayerFile>{"type":"CIMLayerDocument","version":"2.7.0","build":26828,"layers":["CIMPATH=map/essential_fish_habitat___ares_protected_from_fisihing.xml"],"layerDefinitions":[{"type":"CIMFeatureLayer","name":"Essential Fish Habitat - Ares Protected from Fisihing","uRI":"CIMPATH=map/essential_fish_habitat___ares_protected_from_fisihing.xml","sourceModifiedTime":{"type":"TimeInstant"},"useSourceMetadata":true,"description":"Essential Fish Habitat - Ares Protected from Fisihing","layerElevation":{"type":"CIMLayerElevationSurface","mapElevationID":"{7F6CA921-A3A2-4163-9B5D-E1D84C219C24}"},"expanded":true,"layerType":"Operational","showLegends":true,"transparency":25,"visibility":true,"displayCacheType":"Permanent","maxDisplayCacheAge":5,"popupInfo":{"type":"CIMPopupInfo","expressionInfos":[{"type":"CIMExpressionInfo","title":"In-State Waters","expression":"//expression to make blank attributes \"Unknown\" and change \"N\" to \"No\"\n//and \"Y\" to \"Yes\".\n\nvar s = $feature.INSTATEWAT\n\nWhen(\ns == \"N\", \"No\",\ns == \"Y\", \"Yes\",\n\"Unknown\")","name":"expr0","returnType":"String"},{"type":"CIMExpressionInfo","title":"Fishery Management Council","expression":"//expression to define the name of the Fishery Management Council.\n\nvar f = $feature.FMC\n\nWhen(\nf == \"CFMC\", \"Caribbean Fishery Management Council\",\nf == \"GFMC\", \"Gulf of Mexico Fishery Management Council\",\nf == \"MAFMC\", \"Mid-Atlantic Fishery Management Council\",\nf == \"NPFMC\", \"North Pacific Fishery Management Council\",\nf == \"PFMC\", \"Pacific Fishery Management Council\",\nf == \"SAFMC\", \"South Atlantic Fishery Management Council\",\nf == \"WPFMC\", \"Western Pacific Regional Fishery Management Council\",\nf == \"NEFMC\", \"New England Fishery Management Council\",\n\"Unknown\")","name":"expr1","returnType":"String"},{"type":"CIMExpressionInfo","title":"Fishery Management Council Website","expression":"//expression to display the website of the Fishery Management Council.\n\nvar f = $feature.FMC\n\nWhen(\nf == \"CFMC\", \"https://caribbeanfmc.com/\",\nf == \"GFMC\", \"https://gulfcouncil.org/\",\nf == \"MAFMC\", \"https://www.mafmc.org/\",\nf == \"NPFMC\", \"https://www.npfmc.org/\",\nf == \"PFMC\", \"https://www.pcouncil.org/\",\nf == \"SAFMC\", \"https://safmc.net/\",\nf == \"WPRFMC\", \"http://www.wpcouncil.org/\",\nf == \"NEFMC\", \"https://www.nefmc.org/\",\n\"Unknown\")","name":"expr2","returnType":"String"}],"mediaInfos":[{"type":"CIMTextMediaInfo","refreshRateUnit":"esriTimeUnitsSeconds","rowSpan":1,"columnSpan":1,"text":"\u003cdiv style='text-align: center;'\u003e\u003cfont size='3'\u003e\u003cb\u003e{SITENAME_L}\u003c/b\u003e\u003c/font\u003e\u003cbr /\u003e\u003cdiv style='text-align: left;'\u003e\u00A0\u003cbr /\u003e\u003cfont size='2'\u003eThis site is an area in which NOAA Fisheries and the {expression/expr1} have used the Essential Fish Habitat (EFH) provisions established in Section 303(a)(7) of the Magnuson-Stevens Fishery Conservation and Management Act. The Act prevents, mitigates, or minimize adverse effects from fishing on EFH. The area encompasses\u003cb\u003e {ACRES} acres\u003c/b\u003e and is located in the\u00A0{FMC_REPORT} Region. For more information, please review the links below:\u003cbr /\u003e\u003c/font\u003e\u003cul\u003e\u003cli\u003e\u003cfont size='2'\u003e\u003ca href='{expression/expr2}' rel='nofollow ugc' target='_blank'\u003eWebsite\u003c/a\u003e\u003cbr /\u003e\u003c/font\u003e\u003c/li\u003e\u003cli\u003e\u003ca href='{LTTDT_LINK}' rel='nofollow ugc' target='_blank'\u003e\u003cfont size='2'\u003eDatasheet\u003c/font\u003e\u003c/a\u003e\u003cbr /\u003e\u003c/li\u003e\u003c/ul\u003e\u003c/div\u003e\u003c/div\u003e"},{"type":"CIMAttachmentsMediaInfo","row":1,"refreshRateUnit":"esriTimeUnitsSeconds","rowSpan":1,"columnSpan":1,"displayType":"List"}],"gridLayout":{"type":"CIMPopupLayout","columnWidths":[100],"borderWidth":0,"borderColor":{"type":"CIMRGBColor","values":[0,0,0,100]}}},"showPopups":true,"serviceLayerID":-1,"refreshRate":-1,"refreshRateUnit":"esriTimeUnitsSeconds","blendingMode":"Alpha","autoGenerateFeatureTemplates":true,"featureElevationExpression":"0","featureTable":{"type":"CIMFeatureTable","displayField":"SITENAME_L","editable":true,"dataConnection":{"type":"CIMStandardDataConnection","workspaceConnectionString":"DATABASE=D:\\Bureaublad Lennart\\atlasvandevisserij\\graphdata\\International prohibited areas","workspaceFactory":"Shapefile","dataset":"Essential Fish Habitat - Ares Protected from Fisihing","datasetType":"esriDTFeatureClass"},"studyAreaSpatialRel":"esriSpatialRelUndefined","searchOrder":"esriSearchOrderSpatial"},"htmlPopupEnabled":true,"selectable":true,"featureCacheType":"Session","displayFiltersType":"ByScale","featureBlendingMode":"Alpha","labelClasses":[{"type":"CIMLabelClass","expressionTitle":"Custom","expression":"$feature.SITENAME_L","expressionEngine":"Arcade","featuresToLabel":"AllVisibleFeatures","maplexLabelPlacementProperties":{"type":"CIMMaplexLabelPlacementProperties","featureType":"Polygon","avoidPolygonHoles":true,"canOverrunFeature":true,"canPlaceLabelOutsidePolygon":true,"canRemoveOverlappingLabel":true,"canStackLabel":true,"connectionType":"Unambiguous","constrainOffset":"NoConstraint","contourAlignmentType":"Page","contourLadderType":"Straight","contourMaximumAngle":90,"enableConnection":true,"featureWeight":0,"fontHeightReductionLimit":4,"fontHeightReductionStep":0.5,"fontWidthReductionLimit":90,"fontWidthReductionStep":5,"graticuleAlignmentType":"Straight","keyNumberGroupName":"Default","labelBuffer":15,"labelLargestPolygon":true,"labelPriority":-1,"labelStackingProperties":{"type":"CIMMaplexLabelStackingProperties","stackAlignment":"ChooseBest","maximumNumberOfLines":3,"minimumNumberOfCharsPerLine":3,"maximumNumberOfCharsPerLine":24,"separators":[{"type":"CIMMaplexStackingSeparator","separator":" ","splitAfter":true},{"type":"CIMMaplexStackingSeparator","separator":",","visible":true,"splitAfter":true}]},"lineFeatureType":"General","linePlacementMethod":"OffsetCurvedFromLine","maximumLabelOverrun":80,"maximumLabelOverrunUnit":"Point","minimumFeatureSizeUnit":"Map","multiPartOption":"OneLabelPerPart","offsetAlongLineProperties":{"type":"CIMMaplexOffsetAlongLineProperties","placementMethod":"BestPositionAlongLine","labelAnchorPoint":"CenterOfLabel","distanceUnit":"Percentage","useLineDirection":true},"pointExternalZonePriorities":{"type":"CIMMaplexExternalZonePriorities","aboveLeft":4,"aboveCenter":2,"aboveRight":1,"centerRight":3,"belowRight":5,"belowCenter":7,"belowLeft":8,"centerLeft":6},"pointPlacementMethod":"AroundPoint","polygonAnchorPointType":"GeometricCenter","polygonBoundaryWeight":0,"polygonExternalZones":{"type":"CIMMaplexExternalZonePriorities","aboveLeft":4,"aboveCenter":2,"aboveRight":1,"centerRight":3,"belowRight":5,"belowCenter":7,"belowLeft":8,"centerLeft":6},"polygonFeatureType":"General","polygonInternalZones":{"type":"CIMMaplexInternalZonePriorities","center":1},"polygonPlacementMethod":"HorizontalInPolygon","primaryOffset":1,"primaryOffsetUnit":"Point","removeExtraWhiteSpace":true,"repetitionIntervalUnit":"Point","rotationProperties":{"type":"CIMMaplexRotationProperties","rotationType":"Arithmetic","alignmentType":"Straight"},"secondaryOffset":100,"strategyPriorities":{"type":"CIMMaplexStrategyPriorities","stacking":1,"overrun":2,"fontCompression":3,"fontReduction":4,"abbreviation":5},"thinningDistanceUnit":"Point","truncationMarkerCharacter":".","truncationMinimumLength":1,"truncationPreferredCharacters":"aeiou","truncationExcludedCharacters":"0123456789","polygonAnchorPointPerimeterInsetUnit":"Point"},"name":"Class 1","priority":-1,"standardLabelPlacementProperties":{"type":"CIMStandardLabelPlacementProperties","featureType":"Line","featureWeight":"None","labelWeight":"High","numLabelsOption":"OneLabelPerName","lineLabelPosition":{"type":"CIMStandardLineLabelPosition","above":true,"inLine":true,"parallel":true},"lineLabelPriorities":{"type":"CIMStandardLineLabelPriorities","aboveStart":3,"aboveAlong":3,"aboveEnd":3,"centerStart":3,"centerAlong":3,"centerEnd":3,"belowStart":3,"belowAlong":3,"belowEnd":3},"pointPlacementMethod":"AroundPoint","pointPlacementPriorities":{"type":"CIMStandardPointPlacementPriorities","aboveLeft":2,"aboveCenter":2,"aboveRight":1,"centerLeft":3,"centerRight":2,"belowLeft":3,"belowCenter":3,"belowRight":2},"rotationType":"Arithmetic","polygonPlacementMethod":"AlwaysHorizontal"},"textSymbol":{"type":"CIMSymbolReference","symbol":{"type":"CIMTextSymbol","blockProgression":"TTB","depth3D":1,"extrapolateBaselines":true,"fontEffects":"Normal","fontEncoding":"Unicode","fontFamilyName":"Tahoma","fontStyleName":"Regular","fontType":"Unspecified","haloSize":1,"height":10,"hinting":"Default","horizontalAlignment":"Left","kerning":true,"letterWidth":100,"ligatures":true,"lineGapType":"ExtraLeading","symbol":{"type":"CIMPolygonSymbol","symbolLayers":[{"type":"CIMSolidFill","enable":true,"color":{"type":"CIMRGBColor","values":[0,0,0,100]}}]},"textCase":"Normal","textDirection":"LTR","verticalAlignment":"Bottom","verticalGlyphOrientation":"Right","wordSpacing":100,"billboardMode3D":"FaceNearPlane"}},"useCodedValue":true,"visibility":true,"iD":-1}],"renderer":{"type":"CIMUniqueValueRenderer","defaultSymbolPatch":"Default","groups":[{"type":"CIMUniqueValueGroup","classes":[{"type":"CIMUniqueValueClass","label":"Pacific Fishery Management Council","patch":"Default","symbol":{"type":"CIMSymbolReference","symbol":{"type":"CIMPolygonSymbol","symbolLayers":[{"type":"CIMSolidStroke","enable":true,"colorLocked":true,"capStyle":"Butt","joinStyle":"Round","lineStyle3D":"Strip","miterLimit":10,"width":0.75,"color":{"type":"CIMRGBColor","values":[153,153,153,25.0980396270751953]}},{"type":"CIMSolidFill","enable":true,"color":{"type":"CIMRGBColor","values":[237,81,81,100]}}]}},"values":[{"type":"CIMUniqueValue","fieldValues":["Pacific Fishery Management Council"]}],"visible":true},{"type":"CIMUniqueValueClass","label":"North Pacific Fishery Management Council","patch":"Default","symbol":{"type":"CIMSymbolReference","symbol":{"type":"CIMPolygonSymbol","symbolLayers":[{"type":"CIMSolidStroke","enable":true,"colorLocked":true,"capStyle":"Butt","joinStyle":"Round","lineStyle3D":"Strip","miterLimit":10,"width":0.75,"color":{"type":"CIMRGBColor","values":[153,153,153,25.0980396270751953]}},{"type":"CIMSolidFill","enable":true,"color":{"type":"CIMRGBColor","values":[20,158,206,100]}}]}},"values":[{"type":"CIMUniqueValue","fieldValues":["North Pacific Fishery Management Council"]}],"visible":true},{"type":"CIMUniqueValueClass","label":"Caribbean Fishery Management Council","patch":"Default","symbol":{"type":"CIMSymbolReference","symbol":{"type":"CIMPolygonSymbol","symbolLayers":[{"type":"CIMSolidStroke","enable":true,"colorLocked":true,"capStyle":"Butt","joinStyle":"Round","lineStyle3D":"Strip","miterLimit":10,"width":0.75,"color":{"type":"CIMRGBColor","values":[153,153,153,25.0980396270751953]}},{"type":"CIMSolidFill","enable":true,"color":{"type":"CIMRGBColor","values":[167,198,54,100]}}]}},"values":[{"type":"CIMUniqueValue","fieldValues":["Caribbean Fishery Management Council"]}],"visible":true},{"type":"CIMUniqueValueClass","label":"Gulf of Mexico Fishery Management Council","patch":"Default","symbol":{"type":"CIMSymbolReference","symbol":{"type":"CIMPolygonSymbol","symbolLayers":[{"type":"CIMSolidStroke","enable":true,"colorLocked":true,"capStyle":"Butt","joinStyle":"Round","lineStyle3D":"Strip","miterLimit":10,"width":0.75,"color":{"type":"CIMRGBColor","values":[153,153,153,25.0980396270751953]}},{"type":"CIMSolidFill","enable":true,"color":{"type":"CIMRGBColor","values":[158,85,156,100]}}]}},"values":[{"type":"CIMUniqueValue","fieldValues":["Gulf of Mexico Fishery Management Council"]}],"visible":true},{"type":"CIMUniqueValueClass","label":"Mid-Atlantic Fishery Management Council","patch":"Default","symbol":{"type":"CIMSymbolReference","symbol":{"type":"CIMPolygonSymbol","symbolLayers":[{"type":"CIMSolidStroke","enable":true,"colorLocked":true,"capStyle":"Butt","joinStyle":"Round","lineStyle3D":"Strip","miterLimit":10,"width":0.75,"color":{"type":"CIMRGBColor","values":[153,153,153,25.0980396270751953]}},{"type":"CIMSolidFill","enable":true,"color":{"type":"CIMRGBColor","values":[252,146,31,100]}}]}},"values":[{"type":"CIMUniqueValue","fieldValues":["Mid-Atlantic Fishery Management Council"]}],"visible":true},{"type":"CIMUniqueValueClass","label":"South Atlantic Fishery Management Council","patch":"Default","symbol":{"type":"CIMSymbolReference","symbol":{"type":"CIMPolygonSymbol","symbolLayers":[{"type":"CIMSolidStroke","enable":true,"colorLocked":true,"capStyle":"Butt","joinStyle":"Round","lineStyle3D":"Strip","miterLimit":10,"width":0.75,"color":{"type":"CIMRGBColor","values":[153,153,153,25.0980396270751953]}},{"type":"CIMSolidFill","enable":true,"color":{"type":"CIMRGBColor","values":[255,222,62,100]}}]}},"values":[{"type":"CIMUniqueValue","fieldValues":["South Atlantic Fishery Management Council"]}],"visible":true}]}],"valueExpressionInfo":{"type":"CIMExpressionInfo","title":"Fishery Management Council","expression":"//expression to display the name of the Fishery Management Council.\n\nvar f = $feature.FMC\n\nWhen(\nf == \"CFMC\", \"Caribbean Fishery Management Council\",\nf == \"GFMC\", \"Gulf of Mexico Fishery Management Council\",\nf == \"MAFMC\", \"Mid-Atlantic Fishery Management Council\",\nf == \"NPFMC\", \"North Pacific Fishery Management Council\",\nf == \"PFMC\", \"Pacific Fishery Management Council\",\nf == \"SAFMC\", \"South Atlantic Fishery Management Council\",\nf == \"WPRFMC\", \"Western Pacific Regional Fishery Management Council\",\nf == \"NEFMC\", \"New England Fishery Management Council\",\n\"Unknown\")","returnType":"Default"},"polygonSymbolColorTarget":"Fill"},"scaleSymbols":true,"snappable":true}]}</LayerFile></DataProperties><SyncDate>20220404</SyncDate><SyncTime>22102300</SyncTime><ModDate>20220404</ModDate><ModTime>22102300</ModTime></Esri><dataIdInfo><envirDesc Sync="TRUE">Microsoft Windows 10 Version 10.0 (Build 19043) ; Esri ArcGIS 12.7.0.26828</envirDesc><dataLang><languageCode value="nld" Sync="TRUE"></languageCode><countryCode value="NLD" Sync="TRUE"></countryCode></dataLang><idCitation><resTitle Sync="TRUE">Essential Fish Habitat - Ares Protected from Fisihing</resTitle><presForm><PresFormCd value="005" Sync="TRUE"></PresFormCd></presForm></idCitation><spatRpType><SpatRepTypCd value="001" Sync="TRUE"></SpatRepTypCd></spatRpType></dataIdInfo><mdLang><languageCode value="nld" Sync="TRUE"></languageCode><countryCode value="NLD" Sync="TRUE"></countryCode></mdLang><mdChar><CharSetCd value="004" Sync="TRUE"></CharSetCd></mdChar><distInfo><distFormat><formatName Sync="TRUE">Shapefile</formatName></distFormat><distTranOps><transSize Sync="TRUE">0.000</transSize></distTranOps></distInfo><mdHrLv><ScopeCd value="005" Sync="TRUE"></ScopeCd></mdHrLv><mdHrLvName Sync="TRUE">dataset</mdHrLvName><refSysInfo><RefSystem><refSysID><identCode code="3857" Sync="TRUE"></identCode><idCodeSpace Sync="TRUE">EPSG</idCodeSpace><idVersion Sync="TRUE">6.18.3(9.3.1.2)</idVersion></refSysID></RefSystem></refSysInfo><spatRepInfo><VectSpatRep><geometObjs Name="Essential Fish Habitat - Ares Protected from Fisihing"><geoObjTyp><GeoObjTypCd value="002" Sync="TRUE"></GeoObjTypCd></geoObjTyp><geoObjCnt Sync="TRUE">0</geoObjCnt></geometObjs><topLvl><TopoLevCd value="001" Sync="TRUE"></TopoLevCd></topLvl></VectSpatRep></spatRepInfo><spdoinfo><ptvctinf><esriterm Name="Essential Fish Habitat - Ares Protected from Fisihing"><efeatyp Sync="TRUE">Simple</efeatyp><efeageom code="4" Sync="TRUE"></efeageom><esritopo Sync="TRUE">FALSE</esritopo><efeacnt Sync="TRUE">0</efeacnt><spindex Sync="TRUE">FALSE</spindex><linrefer Sync="TRUE">FALSE</linrefer></esriterm></ptvctinf></spdoinfo><eainfo><detailed Name="Essential Fish Habitat - Ares Protected from Fisihing"><enttyp><enttypl Sync="TRUE">Essential Fish Habitat - Ares Protected from Fisihing</enttypl><enttypt Sync="TRUE">Feature Class</enttypt><enttypc Sync="TRUE">0</enttypc></enttyp><attr><attrlabl Sync="TRUE">FID</attrlabl><attalias Sync="TRUE">FID</attalias><attrtype Sync="TRUE">OID</attrtype><attwidth Sync="TRUE">4</attwidth><atprecis Sync="TRUE">0</atprecis><attscale Sync="TRUE">0</attscale><attrdef Sync="TRUE">Internal feature number.</attrdef><attrdefs Sync="TRUE">Esri</attrdefs><attrdomv><udom Sync="TRUE">Sequential unique whole numbers that are automatically generated.</udom></attrdomv></attr><attr><attrlabl Sync="TRUE">Shape</attrlabl><attalias Sync="TRUE">Shape</attalias><attrtype Sync="TRUE">Geometry</attrtype><attwidth Sync="TRUE">0</attwidth><atprecis Sync="TRUE">0</atprecis><attscale Sync="TRUE">0</attscale><attrdef Sync="TRUE">Feature geometry.</attrdef><attrdefs Sync="TRUE">Esri</attrdefs><attrdomv><udom Sync="TRUE">Coordinates defining the features.</udom></attrdomv></attr><attr><attrlabl Sync="TRUE">OBJECTID</attrlabl><attalias Sync="TRUE">OBJECTID</attalias><attrtype Sync="TRUE">Integer</attrtype><attwidth Sync="TRUE">10</attwidth><atprecis Sync="TRUE">10</atprecis><attscale Sync="TRUE">0</attscale></attr><attr><attrlabl Sync="TRUE">SITENAME_L</attrlabl><attalias Sync="TRUE">SITENAME_L</attalias><attrtype Sync="TRUE">String</attrtype><attwidth Sync="TRUE">100</attwidth><atprecis Sync="TRUE">0</atprecis><attscale Sync="TRUE">0</attscale></attr><attr><attrlabl Sync="TRUE">LIFESTAGE</attrlabl><attalias Sync="TRUE">LIFESTAGE</attalias><attrtype Sync="TRUE">String</attrtype><attwidth Sync="TRUE">35</attwidth><atprecis Sync="TRUE">0</atprecis><attscale Sync="TRUE">0</attscale></attr><attr><attrlabl Sync="TRUE">TYPE</attrlabl><attalias Sync="TRUE">TYPE</attalias><attrtype Sync="TRUE">String</attrtype><attwidth Sync="TRUE">4</attwidth><atprecis Sync="TRUE">0</atprecis><attscale Sync="TRUE">0</attscale></attr><attr><attrlabl Sync="TRUE">FMC</attrlabl><attalias Sync="TRUE">FMC</attalias><attrtype Sync="TRUE">String</attrtype><attwidth Sync="TRUE">6</attwidth><atprecis Sync="TRUE">0</atprecis><attscale Sync="TRUE">0</attscale></attr><attr><attrlabl Sync="TRUE">LTTD_TITLE</attrlabl><attalias Sync="TRUE">LTTD_TITLE</attalias><attrtype Sync="TRUE">String</attrtype><attwidth Sync="TRUE">50</attwidth><atprecis Sync="TRUE">0</atprecis><attscale Sync="TRUE">0</attscale></attr><attr><attrlabl Sync="TRUE">LTTD_LINK_</attrlabl><attalias Sync="TRUE">LTTD_LINK_</attalias><attrtype Sync="TRUE">String</attrtype><attwidth Sync="TRUE">150</attwidth><atprecis Sync="TRUE">0</atprecis><attscale Sync="TRUE">0</attscale></attr><attr><attrlabl Sync="TRUE">ZONE</attrlabl><attalias Sync="TRUE">ZONE</attalias><attrtype Sync="TRUE">String</attrtype><attwidth Sync="TRUE">6</attwidth><atprecis Sync="TRUE">0</atprecis><attscale Sync="TRUE">0</attscale></attr><attr><attrlabl Sync="TRUE">INSTATEWAT</attrlabl><attalias Sync="TRUE">INSTATEWAT</attalias><attrtype Sync="TRUE">String</attrtype><attwidth Sync="TRUE">1</attwidth><atprecis Sync="TRUE">0</atprecis><attscale Sync="TRUE">0</attscale></attr><attr><attrlabl Sync="TRUE">ACRES</attrlabl><attalias Sync="TRUE">ACRES</attalias><attrtype Sync="TRUE">Integer</attrtype><attwidth Sync="TRUE">10</attwidth><atprecis Sync="TRUE">10</atprecis><attscale Sync="TRUE">0</attscale></attr><attr><attrlabl Sync="TRUE">DDBOX</attrlabl><attalias Sync="TRUE">DDBOX</attalias><attrtype Sync="TRUE">String</attrtype><attwidth Sync="TRUE">150</attwidth><atprecis Sync="TRUE">0</atprecis><attscale Sync="TRUE">0</attscale></attr><attr><attrlabl Sync="TRUE">LTTD_TIT_1</attrlabl><attalias Sync="TRUE">LTTD_TIT_1</attalias><attrtype Sync="TRUE">String</attrtype><attwidth Sync="TRUE">80</attwidth><atprecis Sync="TRUE">0</atprecis><attscale Sync="TRUE">0</attscale></attr><attr><attrlabl Sync="TRUE">FMC_REPORT</attrlabl><attalias Sync="TRUE">FMC_REPORT</attalias><attrtype Sync="TRUE">String</attrtype><attwidth Sync="TRUE">50</attwidth><atprecis Sync="TRUE">0</atprecis><attscale Sync="TRUE">0</attscale></attr><attr><attrlabl Sync="TRUE">FMP_REPORT</attrlabl><attalias Sync="TRUE">FMP_REPORT</attalias><attrtype Sync="TRUE">String</attrtype><attwidth Sync="TRUE">50</attwidth><atprecis Sync="TRUE">0</atprecis><attscale Sync="TRUE">0</attscale></attr><attr><attrlabl Sync="TRUE">DATACAVEAT</attrlabl><attalias Sync="TRUE">DATACAVEAT</attalias><attrtype Sync="TRUE">String</attrtype><attwidth Sync="TRUE">254</attwidth><atprecis Sync="TRUE">0</atprecis><attscale Sync="TRUE">0</attscale></attr><attr><attrlabl Sync="TRUE">ZoomLevel</attrlabl><attalias Sync="TRUE">ZoomLevel</attalias><attrtype Sync="TRUE">Integer</attrtype><attwidth Sync="TRUE">10</attwidth><atprecis Sync="TRUE">10</atprecis><attscale Sync="TRUE">0</attscale></attr><attr><attrlabl Sync="TRUE">CentroidLa</attrlabl><attalias Sync="TRUE">CentroidLa</attalias><attrtype Sync="TRUE">Double</attrtype><attwidth Sync="TRUE">19</attwidth><atprecis Sync="TRUE">0</atprecis><attscale Sync="TRUE">0</attscale></attr><attr><attrlabl Sync="TRUE">CentroidLo</attrlabl><attalias Sync="TRUE">CentroidLo</attalias><attrtype Sync="TRUE">Double</attrtype><attwidth Sync="TRUE">19</attwidth><atprecis Sync="TRUE">0</atprecis><attscale Sync="TRUE">0</attscale></attr><attr><attrlabl Sync="TRUE">LTTDT_LINK</attrlabl><attalias Sync="TRUE">LTTDT_LINK</attalias><attrtype Sync="TRUE">String</attrtype><attwidth Sync="TRUE">250</attwidth><atprecis Sync="TRUE">0</atprecis><attscale Sync="TRUE">0</attscale></attr><attr><attrlabl Sync="TRUE">Region</attrlabl><attalias Sync="TRUE">Region</attalias><attrtype Sync="TRUE">String</attrtype><attwidth Sync="TRUE">5</attwidth><atprecis Sync="TRUE">0</atprecis><attscale Sync="TRUE">0</attscale></attr><attr><attrlabl Sync="TRUE">Shape_Leng</attrlabl><attalias Sync="TRUE">Shape_Leng</attalias><attrtype Sync="TRUE">Double</attrtype><attwidth Sync="TRUE">19</attwidth><atprecis Sync="TRUE">0</atprecis><attscale Sync="TRUE">0</attscale></attr><attr><attrlabl Sync="TRUE">Shape_Area</attrlabl><attalias Sync="TRUE">Shape_Area</attalias><attrtype Sync="TRUE">Double</attrtype><attwidth Sync="TRUE">19</attwidth><atprecis Sync="TRUE">0</atprecis><attscale Sync="TRUE">0</attscale><attrdef Sync="TRUE">Area of feature in internal units squared.</attrdef><attrdefs Sync="TRUE">Esri</attrdefs><attrdomv><udom Sync="TRUE">Positive real numbers that are automatically generated.</udom></attrdomv></attr><attr><attrlabl Sync="TRUE">Shape__Are</attrlabl><attalias Sync="TRUE">Shape__Are</attalias><attrtype Sync="TRUE">Double</attrtype><attwidth Sync="TRUE">19</attwidth><atprecis Sync="TRUE">0</atprecis><attscale Sync="TRUE">0</attscale></attr><attr><attrlabl Sync="TRUE">Shape__Len</attrlabl><attalias Sync="TRUE">Shape__Len</attalias><attrtype Sync="TRUE">Double</attrtype><attwidth Sync="TRUE">19</attwidth><atprecis Sync="TRUE">0</atprecis><attscale Sync="TRUE">0</attscale></attr></detailed></eainfo><mdDateSt Sync="TRUE">20220404</mdDateSt></metadata>
